{
  "model/models-dbg.js": 1690387402971,
  "controller/View3.controller.js": 1690388306280,
  "model/models.js": 1690387402971,
  "controller/View4.controller.js": 1690388494833,
  "manifest.json": 1690443575295,
  "controller/View2.controller.js": 1690388016182,
  "controller/View1.controller.js": 1690387540392,
  "controller/App.controller.js": 1690387402979,
  "Component.js": 1690387402967,
  "Component-preload.js": 1690443575618,
  "Component-dbg.js": 1690387402967,
  "controller/View4-dbg.controller.js": 1690388494833,
  "controller/View3-dbg.controller.js": 1690388306280,
  "controller/View2-dbg.controller.js": 1690388016182,
  "controller/View1-dbg.controller.js": 1690387540392,
  "controller/App-dbg.controller.js": 1690387402979,
  "i18n/i18n.properties": 1690387617870,
  "view/View4.view.xml": 1690388457597,
  "view/View3.view.xml": 1690388260065,
  "view/View2.view.xml": 1690387973255,
  "view/View1.view.xml": 1690387512028,
  "view/App.view.xml": 1690387402979,
  "css/style.css": 1690387402979,
  "index.html": 1690387402967
}